HOSTNAME,SERVICE
ds1.dexynth.com,dexynthOracle
ds1.dexynth.com,externalAdapter
ds1.dexynth.com,nftBot_148_1
ds1.dexynth.com,nftBot_80085_1
ds1.dexynth.com,pnlEpoch
ds1.dexynth.com,serviceFather
ds1.dexynth.com,grafana
ds2.dexynth.com,dexynthOracle
ds2.dexynth.com,externalAdapter
ds2.dexynth.com,nftBot_148_2
ds2.dexynth.com,nftBot_80085_2
ds2.dexynth.com,pnlEpoch
ds2.dexynth.com,serviceFather
ds3.dexynth.com,dexynthOracle
ds3.dexynth.com,nftBot_300_1
ds3.dexynth.com,externalAdapter
ds3.dexynth.com,liquidityChecker
ds3.dexynth.com,pnlEpoch
ds3.dexynth.com,serviceFather
ds4.dexynth.com,externalAdapter
ds4.dexynth.com,dexynthOracle
ds4.dexynth.com,nftBot_300_2
ds4.dexynth.com,pnlEpoch
ds4.dexynth.com,serviceFather
ds5.dexynth.com,dexynthOracle
ds5.dexynth.com,nftBot_7000_1
ds5.dexynth.com,nftBot_1073_1
ds5.dexynth.com,externalAdapter
ds5.dexynth.com,pnlEpoch
ds5.dexynth.com,serviceFather
de6.dexynth.com,dexynthOracle
de6.dexynth.com,nftBot_1073_2
de6.dexynth.com,externalAdapter
de6.dexynth.com,pnlEpoch
de6.dexynth.com,serviceFather
ds7.dexynth.com,NPM
ds7.dexynth.com,historicalAPI
ds7.dexynth.com,dexynthDataAPI
ds7.dexynth.com,dexynthDataRecord
ds7.dexynth.com,dexynthMiniDoctor
ds7.dexynth.com,eventsRelayer
ds7.dexynth.com,priceFeederFrontend
ds7.dexynth.com,marketStatusFeeder
ds7.dexynth.com,priceFeederBackend
ds7.dexynth.com,serviceFather
ds7.dexynth.com,messaging
ds7.dexynth.com,serviceFatherMgr
ds8.dexynth.com,dexynthDoctor
ds8.dexynth.com,serviceFather
ds8.dexynth.com,NPM